image,label
VietAI-Assignment3-10.jpg,2
VietAI-Assignment3-1000.jpg,2
VietAI-Assignment3-10004.jpg,10
VietAI-Assignment3-10006.jpg,5
VietAI-Assignment3-10012.jpg,9
VietAI-Assignment3-10029.jpg,4
VietAI-Assignment3-10034.jpg,5
VietAI-Assignment3-10037.jpg,3
VietAI-Assignment3-1005.jpg,10
VietAI-Assignment3-10052.jpg,2
VietAI-Assignment3-10053.jpg,3
VietAI-Assignment3-10055.jpg,2
VietAI-Assignment3-10056.jpg,2
VietAI-Assignment3-10066.jpg,2
VietAI-Assignment3-10068.jpg,1
VietAI-Assignment3-1008.jpg,1
VietAI-Assignment3-10081.jpg,2
VietAI-Assignment3-10084.jpg,5
VietAI-Assignment3-10085.jpg,2
VietAI-Assignment3-10095.jpg,2
VietAI-Assignment3-10097.jpg,2
VietAI-Assignment3-10100.jpg,1
VietAI-Assignment3-1011.jpg,2
VietAI-Assignment3-10114.jpg,0
VietAI-Assignment3-1012.jpg,2
VietAI-Assignment3-10121.jpg,1
VietAI-Assignment3-10124.jpg,7
VietAI-Assignment3-10130.jpg,4
VietAI-Assignment3-10132.jpg,6
VietAI-Assignment3-10139.jpg,7
VietAI-Assignment3-10156.jpg,0
VietAI-Assignment3-10164.jpg,1
VietAI-Assignment3-10172.jpg,2
VietAI-Assignment3-10178.jpg,7
VietAI-Assignment3-1018.jpg,10
VietAI-Assignment3-10184.jpg,3
VietAI-Assignment3-10186.jpg,5
VietAI-Assignment3-10187.jpg,2
VietAI-Assignment3-10209.jpg,4
VietAI-Assignment3-1021.jpg,0
VietAI-Assignment3-10211.jpg,5
VietAI-Assignment3-10215.jpg,6
VietAI-Assignment3-10216.jpg,2
VietAI-Assignment3-1022.jpg,2
VietAI-Assignment3-10220.jpg,2
VietAI-Assignment3-10222.jpg,5
VietAI-Assignment3-10224.jpg,5
VietAI-Assignment3-10226.jpg,6
VietAI-Assignment3-10230.jpg,7
VietAI-Assignment3-10238.jpg,8
VietAI-Assignment3-10240.jpg,4
VietAI-Assignment3-10242.jpg,3
VietAI-Assignment3-10249.jpg,3
VietAI-Assignment3-1025.jpg,10
VietAI-Assignment3-10252.jpg,2
VietAI-Assignment3-10255.jpg,7
VietAI-Assignment3-10260.jpg,3
VietAI-Assignment3-10265.jpg,5
VietAI-Assignment3-10269.jpg,6
VietAI-Assignment3-10275.jpg,7
VietAI-Assignment3-10277.jpg,0
VietAI-Assignment3-10279.jpg,2
VietAI-Assignment3-10283.jpg,2
VietAI-Assignment3-10285.jpg,10
VietAI-Assignment3-10290.jpg,10
VietAI-Assignment3-103.jpg,2
VietAI-Assignment3-1033.jpg,5
VietAI-Assignment3-1045.jpg,0
VietAI-Assignment3-1047.jpg,1
VietAI-Assignment3-1051.jpg,10
VietAI-Assignment3-1059.jpg,2
VietAI-Assignment3-1067.jpg,7
VietAI-Assignment3-1068.jpg,2
VietAI-Assignment3-1073.jpg,8
VietAI-Assignment3-1074.jpg,1
VietAI-Assignment3-1077.jpg,2
VietAI-Assignment3-1078.jpg,2
VietAI-Assignment3-1079.jpg,0
VietAI-Assignment3-1083.jpg,2
VietAI-Assignment3-1091.jpg,3
VietAI-Assignment3-1093.jpg,8
VietAI-Assignment3-1097.jpg,3
VietAI-Assignment3-1098.jpg,2
VietAI-Assignment3-1099.jpg,5
VietAI-Assignment3-1101.jpg,2
VietAI-Assignment3-1107.jpg,8
VietAI-Assignment3-1108.jpg,7
VietAI-Assignment3-111.jpg,2
VietAI-Assignment3-1116.jpg,5
VietAI-Assignment3-1118.jpg,0
VietAI-Assignment3-112.jpg,10
VietAI-Assignment3-1131.jpg,2
VietAI-Assignment3-1132.jpg,0
VietAI-Assignment3-1133.jpg,2
VietAI-Assignment3-1134.jpg,10
VietAI-Assignment3-1136.jpg,5
VietAI-Assignment3-1139.jpg,3
VietAI-Assignment3-114.jpg,8
VietAI-Assignment3-1143.jpg,1
VietAI-Assignment3-1151.jpg,4
VietAI-Assignment3-1156.jpg,6
VietAI-Assignment3-1157.jpg,6
VietAI-Assignment3-1158.jpg,10
VietAI-Assignment3-1161.jpg,3
VietAI-Assignment3-1166.jpg,7
VietAI-Assignment3-117.jpg,7
VietAI-Assignment3-1171.jpg,3
VietAI-Assignment3-1174.jpg,9
VietAI-Assignment3-1178.jpg,9
VietAI-Assignment3-1180.jpg,2
VietAI-Assignment3-1182.jpg,0
VietAI-Assignment3-1185.jpg,0
VietAI-Assignment3-1187.jpg,3
VietAI-Assignment3-1188.jpg,2
VietAI-Assignment3-1195.jpg,7
VietAI-Assignment3-1198.jpg,10
VietAI-Assignment3-1199.jpg,3
VietAI-Assignment3-1201.jpg,4
VietAI-Assignment3-1208.jpg,2
VietAI-Assignment3-1212.jpg,9
VietAI-Assignment3-1215.jpg,1
VietAI-Assignment3-1217.jpg,0
VietAI-Assignment3-1218.jpg,10
VietAI-Assignment3-1221.jpg,4
VietAI-Assignment3-1224.jpg,2
VietAI-Assignment3-1235.jpg,4
VietAI-Assignment3-1243.jpg,2
VietAI-Assignment3-1249.jpg,2
VietAI-Assignment3-1251.jpg,6
VietAI-Assignment3-1254.jpg,6
VietAI-Assignment3-1256.jpg,3
VietAI-Assignment3-1257.jpg,0
VietAI-Assignment3-1259.jpg,8
VietAI-Assignment3-1268.jpg,7
VietAI-Assignment3-1269.jpg,2
VietAI-Assignment3-127.jpg,2
VietAI-Assignment3-1272.jpg,10
VietAI-Assignment3-1274.jpg,2
VietAI-Assignment3-1275.jpg,1
VietAI-Assignment3-1289.jpg,4
VietAI-Assignment3-1291.jpg,9
VietAI-Assignment3-1308.jpg,1
VietAI-Assignment3-131.jpg,0
VietAI-Assignment3-1310.jpg,6
VietAI-Assignment3-1315.jpg,9
VietAI-Assignment3-1319.jpg,2
VietAI-Assignment3-1320.jpg,6
VietAI-Assignment3-1322.jpg,1
VietAI-Assignment3-1323.jpg,10
VietAI-Assignment3-1327.jpg,2
VietAI-Assignment3-1328.jpg,6
VietAI-Assignment3-133.jpg,1
VietAI-Assignment3-1330.jpg,2
VietAI-Assignment3-1335.jpg,6
VietAI-Assignment3-1349.jpg,2
VietAI-Assignment3-1351.jpg,4
VietAI-Assignment3-1354.jpg,2
VietAI-Assignment3-1357.jpg,0
VietAI-Assignment3-1363.jpg,7
VietAI-Assignment3-1370.jpg,5
VietAI-Assignment3-1371.jpg,7
VietAI-Assignment3-1377.jpg,3
VietAI-Assignment3-1380.jpg,7
VietAI-Assignment3-1388.jpg,2
VietAI-Assignment3-139.jpg,0
VietAI-Assignment3-1391.jpg,2
VietAI-Assignment3-1400.jpg,2
VietAI-Assignment3-1408.jpg,2
VietAI-Assignment3-1415.jpg,1
VietAI-Assignment3-1418.jpg,2
VietAI-Assignment3-142.jpg,7
VietAI-Assignment3-1428.jpg,3
VietAI-Assignment3-1429.jpg,8
VietAI-Assignment3-1433.jpg,5
VietAI-Assignment3-1434.jpg,1
VietAI-Assignment3-1435.jpg,5
VietAI-Assignment3-1436.jpg,2
VietAI-Assignment3-1439.jpg,9
VietAI-Assignment3-1441.jpg,7
VietAI-Assignment3-1443.jpg,2
VietAI-Assignment3-1449.jpg,3
VietAI-Assignment3-1455.jpg,2
VietAI-Assignment3-1457.jpg,3
VietAI-Assignment3-1458.jpg,3
VietAI-Assignment3-1460.jpg,3
VietAI-Assignment3-1461.jpg,0
VietAI-Assignment3-1469.jpg,5
VietAI-Assignment3-147.jpg,3
VietAI-Assignment3-1474.jpg,5
VietAI-Assignment3-148.jpg,1
VietAI-Assignment3-1484.jpg,2
VietAI-Assignment3-1485.jpg,6
VietAI-Assignment3-1490.jpg,6
VietAI-Assignment3-1494.jpg,2
VietAI-Assignment3-15.jpg,9
VietAI-Assignment3-1507.jpg,9
VietAI-Assignment3-151.jpg,4
VietAI-Assignment3-1515.jpg,1
VietAI-Assignment3-1516.jpg,6
VietAI-Assignment3-1518.jpg,7
VietAI-Assignment3-152.jpg,5
VietAI-Assignment3-1521.jpg,9
VietAI-Assignment3-1540.jpg,3
VietAI-Assignment3-1546.jpg,10
VietAI-Assignment3-1559.jpg,2
VietAI-Assignment3-1560.jpg,2
VietAI-Assignment3-1576.jpg,2
VietAI-Assignment3-1580.jpg,3
VietAI-Assignment3-1581.jpg,2
VietAI-Assignment3-1585.jpg,8
VietAI-Assignment3-1586.jpg,1
VietAI-Assignment3-1589.jpg,2
VietAI-Assignment3-1593.jpg,2
VietAI-Assignment3-1596.jpg,2
VietAI-Assignment3-1598.jpg,10
VietAI-Assignment3-1599.jpg,2
VietAI-Assignment3-1612.jpg,2
VietAI-Assignment3-1614.jpg,4
VietAI-Assignment3-1621.jpg,10
VietAI-Assignment3-1624.jpg,4
VietAI-Assignment3-1625.jpg,1
VietAI-Assignment3-1627.jpg,2
VietAI-Assignment3-1632.jpg,8
VietAI-Assignment3-1642.jpg,3
VietAI-Assignment3-1644.jpg,9
VietAI-Assignment3-1649.jpg,10
VietAI-Assignment3-165.jpg,2
VietAI-Assignment3-1658.jpg,9
VietAI-Assignment3-1665.jpg,3
VietAI-Assignment3-1666.jpg,4
VietAI-Assignment3-1667.jpg,3
VietAI-Assignment3-1675.jpg,0
VietAI-Assignment3-1681.jpg,4
VietAI-Assignment3-1682.jpg,0
VietAI-Assignment3-1685.jpg,2
VietAI-Assignment3-169.jpg,3
VietAI-Assignment3-1691.jpg,5
VietAI-Assignment3-1693.jpg,5
VietAI-Assignment3-170.jpg,8
VietAI-Assignment3-1708.jpg,2
VietAI-Assignment3-1713.jpg,6
VietAI-Assignment3-1717.jpg,3
VietAI-Assignment3-1721.jpg,1
VietAI-Assignment3-1724.jpg,2
VietAI-Assignment3-1728.jpg,2
VietAI-Assignment3-173.jpg,1
VietAI-Assignment3-1737.jpg,6
VietAI-Assignment3-1738.jpg,4
VietAI-Assignment3-1749.jpg,2
VietAI-Assignment3-1762.jpg,3
VietAI-Assignment3-1764.jpg,4
VietAI-Assignment3-1773.jpg,4
VietAI-Assignment3-1783.jpg,2
VietAI-Assignment3-1787.jpg,6
VietAI-Assignment3-1792.jpg,1
VietAI-Assignment3-1797.jpg,2
VietAI-Assignment3-1800.jpg,2
VietAI-Assignment3-1803.jpg,2
VietAI-Assignment3-1804.jpg,3
VietAI-Assignment3-181.jpg,1
VietAI-Assignment3-1811.jpg,0
VietAI-Assignment3-1813.jpg,3
VietAI-Assignment3-1815.jpg,1
VietAI-Assignment3-1818.jpg,5
VietAI-Assignment3-1825.jpg,10
VietAI-Assignment3-1830.jpg,1
VietAI-Assignment3-1835.jpg,0
VietAI-Assignment3-1839.jpg,8
VietAI-Assignment3-1840.jpg,6
VietAI-Assignment3-1853.jpg,10
VietAI-Assignment3-1858.jpg,2
VietAI-Assignment3-1870.jpg,7
VietAI-Assignment3-1886.jpg,6
VietAI-Assignment3-1887.jpg,3
VietAI-Assignment3-1889.jpg,7
VietAI-Assignment3-190.jpg,2
VietAI-Assignment3-1901.jpg,10
VietAI-Assignment3-1905.jpg,7
VietAI-Assignment3-1912.jpg,6
VietAI-Assignment3-1915.jpg,5
VietAI-Assignment3-1917.jpg,2
VietAI-Assignment3-1919.jpg,10
VietAI-Assignment3-1921.jpg,4
VietAI-Assignment3-1925.jpg,2
VietAI-Assignment3-1926.jpg,1
VietAI-Assignment3-1929.jpg,4
VietAI-Assignment3-1933.jpg,2
VietAI-Assignment3-1936.jpg,2
VietAI-Assignment3-1938.jpg,2
VietAI-Assignment3-1944.jpg,2
VietAI-Assignment3-1945.jpg,2
VietAI-Assignment3-1960.jpg,2
VietAI-Assignment3-1968.jpg,9
VietAI-Assignment3-1976.jpg,1
VietAI-Assignment3-1978.jpg,9
VietAI-Assignment3-1984.jpg,5
VietAI-Assignment3-1994.jpg,5
VietAI-Assignment3-2003.jpg,1
VietAI-Assignment3-2008.jpg,5
VietAI-Assignment3-2012.jpg,2
VietAI-Assignment3-2015.jpg,3
VietAI-Assignment3-2017.jpg,0
VietAI-Assignment3-2019.jpg,4
VietAI-Assignment3-2028.jpg,2
VietAI-Assignment3-2031.jpg,0
VietAI-Assignment3-2036.jpg,2
VietAI-Assignment3-2039.jpg,2
VietAI-Assignment3-2042.jpg,6
VietAI-Assignment3-2046.jpg,8
VietAI-Assignment3-2049.jpg,5
VietAI-Assignment3-205.jpg,6
VietAI-Assignment3-2055.jpg,4
VietAI-Assignment3-2056.jpg,2
VietAI-Assignment3-2057.jpg,3
VietAI-Assignment3-2076.jpg,3
VietAI-Assignment3-2078.jpg,2
VietAI-Assignment3-2082.jpg,8
VietAI-Assignment3-2083.jpg,0
VietAI-Assignment3-2084.jpg,0
VietAI-Assignment3-2086.jpg,5
VietAI-Assignment3-2092.jpg,6
VietAI-Assignment3-2106.jpg,0
VietAI-Assignment3-211.jpg,2
VietAI-Assignment3-2114.jpg,3
VietAI-Assignment3-2122.jpg,2
VietAI-Assignment3-2132.jpg,0
VietAI-Assignment3-2134.jpg,3
VietAI-Assignment3-2136.jpg,1
VietAI-Assignment3-2138.jpg,2
VietAI-Assignment3-2142.jpg,7
VietAI-Assignment3-215.jpg,0
VietAI-Assignment3-2174.jpg,7
VietAI-Assignment3-2178.jpg,1
VietAI-Assignment3-2188.jpg,1
VietAI-Assignment3-2189.jpg,2
VietAI-Assignment3-2190.jpg,0
VietAI-Assignment3-221.jpg,10
VietAI-Assignment3-2213.jpg,2
VietAI-Assignment3-2223.jpg,7
VietAI-Assignment3-2228.jpg,0
VietAI-Assignment3-223.jpg,3
VietAI-Assignment3-2244.jpg,7
VietAI-Assignment3-2257.jpg,8
VietAI-Assignment3-226.jpg,2
VietAI-Assignment3-2261.jpg,3
VietAI-Assignment3-2262.jpg,1
VietAI-Assignment3-2263.jpg,9
VietAI-Assignment3-2269.jpg,6
VietAI-Assignment3-2271.jpg,2
VietAI-Assignment3-2277.jpg,9
VietAI-Assignment3-2279.jpg,1
VietAI-Assignment3-2285.jpg,3
VietAI-Assignment3-2289.jpg,3
VietAI-Assignment3-2297.jpg,0
VietAI-Assignment3-2305.jpg,7
VietAI-Assignment3-2309.jpg,2
VietAI-Assignment3-231.jpg,6
VietAI-Assignment3-2315.jpg,9
VietAI-Assignment3-233.jpg,2
VietAI-Assignment3-2333.jpg,8
VietAI-Assignment3-2335.jpg,2
VietAI-Assignment3-2353.jpg,10
VietAI-Assignment3-2361.jpg,10
VietAI-Assignment3-2363.jpg,10
VietAI-Assignment3-2369.jpg,6
VietAI-Assignment3-2371.jpg,10
VietAI-Assignment3-2374.jpg,1
VietAI-Assignment3-2382.jpg,3
VietAI-Assignment3-2396.jpg,2
VietAI-Assignment3-2398.jpg,4
VietAI-Assignment3-241.jpg,9
VietAI-Assignment3-2414.jpg,3
VietAI-Assignment3-2415.jpg,5
VietAI-Assignment3-2417.jpg,4
VietAI-Assignment3-2419.jpg,3
VietAI-Assignment3-2425.jpg,2
VietAI-Assignment3-2431.jpg,2
VietAI-Assignment3-2449.jpg,9
VietAI-Assignment3-2452.jpg,2
VietAI-Assignment3-2455.jpg,6
VietAI-Assignment3-2457.jpg,1
VietAI-Assignment3-2459.jpg,2
VietAI-Assignment3-246.jpg,3
VietAI-Assignment3-2460.jpg,1
VietAI-Assignment3-2462.jpg,5
VietAI-Assignment3-2481.jpg,5
VietAI-Assignment3-2482.jpg,4
VietAI-Assignment3-249.jpg,1
VietAI-Assignment3-2491.jpg,1
VietAI-Assignment3-2505.jpg,2
VietAI-Assignment3-2508.jpg,0
VietAI-Assignment3-2509.jpg,1
VietAI-Assignment3-2514.jpg,5
VietAI-Assignment3-2526.jpg,3
VietAI-Assignment3-2555.jpg,3
VietAI-Assignment3-2565.jpg,5
VietAI-Assignment3-2569.jpg,2
VietAI-Assignment3-2570.jpg,2
VietAI-Assignment3-2573.jpg,2
VietAI-Assignment3-2578.jpg,0
VietAI-Assignment3-2579.jpg,2
VietAI-Assignment3-2580.jpg,3
VietAI-Assignment3-2584.jpg,0
VietAI-Assignment3-2587.jpg,10
VietAI-Assignment3-2592.jpg,0
VietAI-Assignment3-2593.jpg,5
VietAI-Assignment3-2596.jpg,10
VietAI-Assignment3-2602.jpg,3
VietAI-Assignment3-2612.jpg,6
VietAI-Assignment3-2615.jpg,6
VietAI-Assignment3-2626.jpg,2
VietAI-Assignment3-2634.jpg,5
VietAI-Assignment3-2637.jpg,6
VietAI-Assignment3-2641.jpg,7
VietAI-Assignment3-2649.jpg,1
VietAI-Assignment3-2650.jpg,5
VietAI-Assignment3-2656.jpg,4
VietAI-Assignment3-2657.jpg,9
VietAI-Assignment3-2661.jpg,10
VietAI-Assignment3-2667.jpg,3
VietAI-Assignment3-2669.jpg,9
VietAI-Assignment3-2679.jpg,3
VietAI-Assignment3-2688.jpg,10
VietAI-Assignment3-2695.jpg,0
VietAI-Assignment3-2696.jpg,0
VietAI-Assignment3-2703.jpg,2
VietAI-Assignment3-2706.jpg,3
VietAI-Assignment3-2707.jpg,2
VietAI-Assignment3-2708.jpg,10
VietAI-Assignment3-2710.jpg,10
VietAI-Assignment3-2714.jpg,9
VietAI-Assignment3-2728.jpg,4
VietAI-Assignment3-273.jpg,0
VietAI-Assignment3-2731.jpg,4
VietAI-Assignment3-2733.jpg,2
VietAI-Assignment3-2734.jpg,5
VietAI-Assignment3-2736.jpg,1
VietAI-Assignment3-274.jpg,3
VietAI-Assignment3-2743.jpg,2
VietAI-Assignment3-2744.jpg,10
VietAI-Assignment3-2745.jpg,6
VietAI-Assignment3-2762.jpg,5
VietAI-Assignment3-2773.jpg,3
VietAI-Assignment3-2775.jpg,2
VietAI-Assignment3-2778.jpg,2
VietAI-Assignment3-2781.jpg,6
VietAI-Assignment3-2784.jpg,5
VietAI-Assignment3-2792.jpg,1
VietAI-Assignment3-2805.jpg,0
VietAI-Assignment3-2813.jpg,3
VietAI-Assignment3-2818.jpg,2
VietAI-Assignment3-282.jpg,3
VietAI-Assignment3-2827.jpg,6
VietAI-Assignment3-2829.jpg,1
VietAI-Assignment3-2830.jpg,9
VietAI-Assignment3-2831.jpg,7
VietAI-Assignment3-2833.jpg,10
VietAI-Assignment3-2834.jpg,7
VietAI-Assignment3-2836.jpg,3
VietAI-Assignment3-284.jpg,3
VietAI-Assignment3-2840.jpg,5
VietAI-Assignment3-2843.jpg,4
VietAI-Assignment3-2844.jpg,2
VietAI-Assignment3-285.jpg,2
VietAI-Assignment3-2851.jpg,0
VietAI-Assignment3-2854.jpg,0
VietAI-Assignment3-2856.jpg,3
VietAI-Assignment3-2857.jpg,6
VietAI-Assignment3-2862.jpg,1
VietAI-Assignment3-287.jpg,8
VietAI-Assignment3-2888.jpg,10
VietAI-Assignment3-2891.jpg,0
VietAI-Assignment3-2894.jpg,2
VietAI-Assignment3-2900.jpg,2
VietAI-Assignment3-2901.jpg,10
VietAI-Assignment3-2904.jpg,3
VietAI-Assignment3-2909.jpg,0
VietAI-Assignment3-2918.jpg,7
VietAI-Assignment3-2920.jpg,2
VietAI-Assignment3-2926.jpg,4
VietAI-Assignment3-2927.jpg,2
VietAI-Assignment3-2930.jpg,10
VietAI-Assignment3-2947.jpg,2
VietAI-Assignment3-2952.jpg,2
VietAI-Assignment3-2956.jpg,6
VietAI-Assignment3-297.jpg,10
VietAI-Assignment3-2970.jpg,10
VietAI-Assignment3-2971.jpg,9
VietAI-Assignment3-2975.jpg,2
VietAI-Assignment3-2981.jpg,1
VietAI-Assignment3-2984.jpg,7
VietAI-Assignment3-2987.jpg,9
VietAI-Assignment3-3.jpg,0
VietAI-Assignment3-30.jpg,2
VietAI-Assignment3-3003.jpg,7
VietAI-Assignment3-3004.jpg,5
VietAI-Assignment3-3016.jpg,7
VietAI-Assignment3-302.jpg,2
VietAI-Assignment3-3020.jpg,3
VietAI-Assignment3-3022.jpg,2
VietAI-Assignment3-3025.jpg,10
VietAI-Assignment3-303.jpg,2
VietAI-Assignment3-3039.jpg,1
VietAI-Assignment3-3041.jpg,5
VietAI-Assignment3-3045.jpg,10
VietAI-Assignment3-3058.jpg,1
VietAI-Assignment3-306.jpg,4
VietAI-Assignment3-3064.jpg,3
VietAI-Assignment3-307.jpg,4
VietAI-Assignment3-3083.jpg,7
VietAI-Assignment3-3085.jpg,0
VietAI-Assignment3-3086.jpg,6
VietAI-Assignment3-3092.jpg,2
VietAI-Assignment3-31.jpg,2
VietAI-Assignment3-310.jpg,8
VietAI-Assignment3-3106.jpg,9
VietAI-Assignment3-3108.jpg,3
VietAI-Assignment3-3110.jpg,2
VietAI-Assignment3-3117.jpg,2
VietAI-Assignment3-3119.jpg,6
VietAI-Assignment3-3120.jpg,0
VietAI-Assignment3-3133.jpg,1
VietAI-Assignment3-3135.jpg,2
VietAI-Assignment3-3137.jpg,10
VietAI-Assignment3-3141.jpg,7
VietAI-Assignment3-3146.jpg,1
VietAI-Assignment3-3150.jpg,1
VietAI-Assignment3-3151.jpg,9
VietAI-Assignment3-3154.jpg,2
VietAI-Assignment3-3172.jpg,7
VietAI-Assignment3-3181.jpg,2
VietAI-Assignment3-3183.jpg,2
VietAI-Assignment3-3184.jpg,3
VietAI-Assignment3-3188.jpg,2
VietAI-Assignment3-3191.jpg,7
VietAI-Assignment3-320.jpg,3
VietAI-Assignment3-3215.jpg,5
VietAI-Assignment3-3218.jpg,1
VietAI-Assignment3-322.jpg,2
VietAI-Assignment3-3226.jpg,3
VietAI-Assignment3-3227.jpg,10
VietAI-Assignment3-3236.jpg,2
VietAI-Assignment3-3239.jpg,8
VietAI-Assignment3-3254.jpg,5
VietAI-Assignment3-3258.jpg,7
VietAI-Assignment3-3276.jpg,7
VietAI-Assignment3-3282.jpg,9
VietAI-Assignment3-3285.jpg,1
VietAI-Assignment3-3288.jpg,1
VietAI-Assignment3-3293.jpg,1
VietAI-Assignment3-3298.jpg,2
VietAI-Assignment3-33.jpg,5
VietAI-Assignment3-3300.jpg,5
VietAI-Assignment3-3302.jpg,0
VietAI-Assignment3-3306.jpg,2
VietAI-Assignment3-3307.jpg,10
VietAI-Assignment3-3308.jpg,4
VietAI-Assignment3-3310.jpg,5
VietAI-Assignment3-3312.jpg,2
VietAI-Assignment3-3323.jpg,6
VietAI-Assignment3-3333.jpg,0
VietAI-Assignment3-3340.jpg,9
VietAI-Assignment3-3342.jpg,5
VietAI-Assignment3-3345.jpg,6
VietAI-Assignment3-3347.jpg,10
VietAI-Assignment3-3348.jpg,5
VietAI-Assignment3-3356.jpg,2
VietAI-Assignment3-3364.jpg,2
VietAI-Assignment3-3365.jpg,0
VietAI-Assignment3-3368.jpg,2
VietAI-Assignment3-3380.jpg,1
VietAI-Assignment3-3381.jpg,2
VietAI-Assignment3-3382.jpg,8
VietAI-Assignment3-3385.jpg,4
VietAI-Assignment3-3387.jpg,7
VietAI-Assignment3-3389.jpg,6
VietAI-Assignment3-3394.jpg,10
VietAI-Assignment3-3399.jpg,8
VietAI-Assignment3-34.jpg,0
VietAI-Assignment3-340.jpg,5
VietAI-Assignment3-3402.jpg,2
VietAI-Assignment3-3408.jpg,6
VietAI-Assignment3-3409.jpg,10
VietAI-Assignment3-3418.jpg,5
VietAI-Assignment3-3419.jpg,2
VietAI-Assignment3-3422.jpg,2
VietAI-Assignment3-3423.jpg,2
VietAI-Assignment3-3429.jpg,2
VietAI-Assignment3-3430.jpg,8
VietAI-Assignment3-3433.jpg,1
VietAI-Assignment3-3440.jpg,1
VietAI-Assignment3-3442.jpg,2
VietAI-Assignment3-3445.jpg,1
VietAI-Assignment3-3446.jpg,1
VietAI-Assignment3-3449.jpg,2
VietAI-Assignment3-3452.jpg,3
VietAI-Assignment3-3470.jpg,2
VietAI-Assignment3-3475.jpg,2
VietAI-Assignment3-3489.jpg,2
VietAI-Assignment3-3490.jpg,4
VietAI-Assignment3-3496.jpg,2
VietAI-Assignment3-35.jpg,4
VietAI-Assignment3-3506.jpg,2
VietAI-Assignment3-3507.jpg,7
VietAI-Assignment3-3510.jpg,7
VietAI-Assignment3-3517.jpg,7
VietAI-Assignment3-3519.jpg,10
VietAI-Assignment3-3520.jpg,8
VietAI-Assignment3-353.jpg,4
VietAI-Assignment3-3533.jpg,5
VietAI-Assignment3-3538.jpg,9
VietAI-Assignment3-3540.jpg,2
VietAI-Assignment3-3541.jpg,2
VietAI-Assignment3-3542.jpg,4
VietAI-Assignment3-3552.jpg,2
VietAI-Assignment3-3557.jpg,2
VietAI-Assignment3-3558.jpg,0
VietAI-Assignment3-3559.jpg,9
VietAI-Assignment3-3562.jpg,8
VietAI-Assignment3-3572.jpg,2
VietAI-Assignment3-3582.jpg,10
VietAI-Assignment3-3586.jpg,2
VietAI-Assignment3-3597.jpg,9
VietAI-Assignment3-360.jpg,3
VietAI-Assignment3-3600.jpg,5
VietAI-Assignment3-3602.jpg,7
VietAI-Assignment3-3604.jpg,5
VietAI-Assignment3-3608.jpg,2
VietAI-Assignment3-3609.jpg,7
VietAI-Assignment3-3615.jpg,2
VietAI-Assignment3-362.jpg,7
VietAI-Assignment3-3620.jpg,2
VietAI-Assignment3-3621.jpg,8
VietAI-Assignment3-3629.jpg,1
VietAI-Assignment3-3638.jpg,7
VietAI-Assignment3-365.jpg,5
VietAI-Assignment3-3651.jpg,3
VietAI-Assignment3-3662.jpg,1
VietAI-Assignment3-3664.jpg,1
VietAI-Assignment3-3666.jpg,2
VietAI-Assignment3-3674.jpg,2
VietAI-Assignment3-3681.jpg,5
VietAI-Assignment3-3696.jpg,9
VietAI-Assignment3-3710.jpg,4
VietAI-Assignment3-3714.jpg,8
VietAI-Assignment3-3720.jpg,1
VietAI-Assignment3-3723.jpg,2
VietAI-Assignment3-3732.jpg,2
VietAI-Assignment3-3733.jpg,4
VietAI-Assignment3-3737.jpg,8
VietAI-Assignment3-3738.jpg,2
VietAI-Assignment3-3741.jpg,3
VietAI-Assignment3-3754.jpg,4
VietAI-Assignment3-3757.jpg,10
VietAI-Assignment3-3759.jpg,0
VietAI-Assignment3-3765.jpg,4
VietAI-Assignment3-3767.jpg,2
VietAI-Assignment3-3768.jpg,1
VietAI-Assignment3-3773.jpg,5
VietAI-Assignment3-3792.jpg,2
VietAI-Assignment3-3794.jpg,3
VietAI-Assignment3-3796.jpg,0
VietAI-Assignment3-3798.jpg,7
VietAI-Assignment3-3803.jpg,9
VietAI-Assignment3-3807.jpg,8
VietAI-Assignment3-3824.jpg,6
VietAI-Assignment3-3827.jpg,3
VietAI-Assignment3-3828.jpg,5
VietAI-Assignment3-3829.jpg,3
VietAI-Assignment3-3832.jpg,7
VietAI-Assignment3-3837.jpg,0
VietAI-Assignment3-3838.jpg,4
VietAI-Assignment3-384.jpg,2
VietAI-Assignment3-3846.jpg,0
VietAI-Assignment3-3848.jpg,0
VietAI-Assignment3-3849.jpg,9
VietAI-Assignment3-385.jpg,3
VietAI-Assignment3-3862.jpg,0
VietAI-Assignment3-3864.jpg,2
VietAI-Assignment3-387.jpg,1
VietAI-Assignment3-3875.jpg,5
VietAI-Assignment3-3878.jpg,9
VietAI-Assignment3-3881.jpg,2
VietAI-Assignment3-3886.jpg,0
VietAI-Assignment3-3893.jpg,9
VietAI-Assignment3-3896.jpg,10
VietAI-Assignment3-3897.jpg,2
VietAI-Assignment3-3899.jpg,0
VietAI-Assignment3-3906.jpg,7
VietAI-Assignment3-391.jpg,2
VietAI-Assignment3-3910.jpg,2
VietAI-Assignment3-3924.jpg,2
VietAI-Assignment3-393.jpg,0
VietAI-Assignment3-3932.jpg,2
VietAI-Assignment3-3934.jpg,8
VietAI-Assignment3-3935.jpg,1
VietAI-Assignment3-3943.jpg,2
VietAI-Assignment3-395.jpg,10
VietAI-Assignment3-3950.jpg,2
VietAI-Assignment3-3953.jpg,10
VietAI-Assignment3-3956.jpg,9
VietAI-Assignment3-3959.jpg,6
VietAI-Assignment3-3960.jpg,2
VietAI-Assignment3-3963.jpg,3
VietAI-Assignment3-3972.jpg,8
VietAI-Assignment3-3976.jpg,5
VietAI-Assignment3-3980.jpg,8
VietAI-Assignment3-3986.jpg,8
VietAI-Assignment3-3989.jpg,2
VietAI-Assignment3-399.jpg,2
VietAI-Assignment3-400.jpg,2
VietAI-Assignment3-4007.jpg,8
VietAI-Assignment3-4008.jpg,3
VietAI-Assignment3-4013.jpg,9
VietAI-Assignment3-4022.jpg,10
VietAI-Assignment3-4028.jpg,8
VietAI-Assignment3-4031.jpg,2
VietAI-Assignment3-4032.jpg,2
VietAI-Assignment3-4038.jpg,2
VietAI-Assignment3-4039.jpg,1
VietAI-Assignment3-4043.jpg,3
VietAI-Assignment3-4054.jpg,2
VietAI-Assignment3-4055.jpg,4
VietAI-Assignment3-4058.jpg,2
VietAI-Assignment3-4068.jpg,3
VietAI-Assignment3-407.jpg,2
VietAI-Assignment3-4075.jpg,2
VietAI-Assignment3-4078.jpg,2
VietAI-Assignment3-4080.jpg,7
VietAI-Assignment3-4082.jpg,0
VietAI-Assignment3-4083.jpg,3
VietAI-Assignment3-4086.jpg,5
VietAI-Assignment3-4087.jpg,2
VietAI-Assignment3-409.jpg,3
VietAI-Assignment3-4098.jpg,9
VietAI-Assignment3-4113.jpg,7
VietAI-Assignment3-4115.jpg,5
VietAI-Assignment3-4116.jpg,2
VietAI-Assignment3-4118.jpg,2
VietAI-Assignment3-412.jpg,2
VietAI-Assignment3-4130.jpg,2
VietAI-Assignment3-4132.jpg,0
VietAI-Assignment3-4140.jpg,5
VietAI-Assignment3-4141.jpg,4
VietAI-Assignment3-4147.jpg,2
VietAI-Assignment3-4148.jpg,3
VietAI-Assignment3-4151.jpg,6
VietAI-Assignment3-4152.jpg,1
VietAI-Assignment3-4153.jpg,3
VietAI-Assignment3-4158.jpg,1
VietAI-Assignment3-416.jpg,1
VietAI-Assignment3-4162.jpg,4
VietAI-Assignment3-4169.jpg,6
VietAI-Assignment3-4175.jpg,5
VietAI-Assignment3-4178.jpg,3
VietAI-Assignment3-4181.jpg,7
VietAI-Assignment3-4182.jpg,3
VietAI-Assignment3-4187.jpg,10
VietAI-Assignment3-4198.jpg,5
VietAI-Assignment3-420.jpg,2
VietAI-Assignment3-4203.jpg,10
VietAI-Assignment3-4204.jpg,9
VietAI-Assignment3-4206.jpg,2
VietAI-Assignment3-4211.jpg,1
VietAI-Assignment3-4212.jpg,9
VietAI-Assignment3-4214.jpg,0
VietAI-Assignment3-4215.jpg,2
VietAI-Assignment3-4227.jpg,5
VietAI-Assignment3-4228.jpg,5
VietAI-Assignment3-4231.jpg,2
VietAI-Assignment3-4234.jpg,7
VietAI-Assignment3-4235.jpg,5
VietAI-Assignment3-4239.jpg,6
VietAI-Assignment3-4248.jpg,8
VietAI-Assignment3-4252.jpg,1
VietAI-Assignment3-4255.jpg,1
VietAI-Assignment3-4258.jpg,1
VietAI-Assignment3-426.jpg,2
VietAI-Assignment3-4272.jpg,6
VietAI-Assignment3-4276.jpg,3
VietAI-Assignment3-428.jpg,9
VietAI-Assignment3-4280.jpg,10
VietAI-Assignment3-4283.jpg,2
VietAI-Assignment3-4286.jpg,2
VietAI-Assignment3-4287.jpg,3
VietAI-Assignment3-4288.jpg,7
VietAI-Assignment3-4289.jpg,2
VietAI-Assignment3-4293.jpg,9
VietAI-Assignment3-4304.jpg,4
VietAI-Assignment3-4313.jpg,3
VietAI-Assignment3-4317.jpg,6
VietAI-Assignment3-432.jpg,2
VietAI-Assignment3-4322.jpg,1
VietAI-Assignment3-4326.jpg,0
VietAI-Assignment3-4328.jpg,2
VietAI-Assignment3-4335.jpg,3
VietAI-Assignment3-4346.jpg,6
VietAI-Assignment3-4347.jpg,10
VietAI-Assignment3-4351.jpg,2
VietAI-Assignment3-4352.jpg,3
VietAI-Assignment3-4358.jpg,3
VietAI-Assignment3-436.jpg,5
VietAI-Assignment3-4362.jpg,1
VietAI-Assignment3-4364.jpg,3
VietAI-Assignment3-4366.jpg,4
VietAI-Assignment3-4370.jpg,6
VietAI-Assignment3-4377.jpg,1
VietAI-Assignment3-4379.jpg,1
VietAI-Assignment3-4386.jpg,2
VietAI-Assignment3-4387.jpg,1
VietAI-Assignment3-4390.jpg,2
VietAI-Assignment3-4392.jpg,6
VietAI-Assignment3-4394.jpg,4
VietAI-Assignment3-4395.jpg,1
VietAI-Assignment3-4401.jpg,3
VietAI-Assignment3-4408.jpg,2
VietAI-Assignment3-4409.jpg,2
VietAI-Assignment3-441.jpg,2
VietAI-Assignment3-4410.jpg,2
VietAI-Assignment3-4412.jpg,8
VietAI-Assignment3-4416.jpg,2
VietAI-Assignment3-442.jpg,0
VietAI-Assignment3-4421.jpg,10
VietAI-Assignment3-4425.jpg,4
VietAI-Assignment3-4428.jpg,2
VietAI-Assignment3-443.jpg,6
VietAI-Assignment3-4442.jpg,6
VietAI-Assignment3-4456.jpg,3
VietAI-Assignment3-4459.jpg,3
VietAI-Assignment3-4466.jpg,0
VietAI-Assignment3-4472.jpg,6
VietAI-Assignment3-4484.jpg,2
VietAI-Assignment3-4488.jpg,8
VietAI-Assignment3-4500.jpg,2
VietAI-Assignment3-4502.jpg,10
VietAI-Assignment3-4506.jpg,4
VietAI-Assignment3-451.jpg,5
VietAI-Assignment3-4513.jpg,2
VietAI-Assignment3-4517.jpg,5
VietAI-Assignment3-4519.jpg,0
VietAI-Assignment3-4522.jpg,3
VietAI-Assignment3-4534.jpg,3
VietAI-Assignment3-4536.jpg,8
VietAI-Assignment3-4540.jpg,2
VietAI-Assignment3-4544.jpg,10
VietAI-Assignment3-4553.jpg,3
VietAI-Assignment3-4558.jpg,4
VietAI-Assignment3-4564.jpg,2
VietAI-Assignment3-457.jpg,1
VietAI-Assignment3-4578.jpg,2
VietAI-Assignment3-4585.jpg,8
VietAI-Assignment3-4587.jpg,10
VietAI-Assignment3-4588.jpg,9
VietAI-Assignment3-4589.jpg,5
VietAI-Assignment3-4604.jpg,2
VietAI-Assignment3-4606.jpg,3
VietAI-Assignment3-4610.jpg,9
VietAI-Assignment3-4614.jpg,0
VietAI-Assignment3-4619.jpg,3
VietAI-Assignment3-462.jpg,6
VietAI-Assignment3-4621.jpg,7
VietAI-Assignment3-4627.jpg,2
VietAI-Assignment3-4628.jpg,2
VietAI-Assignment3-4633.jpg,2
VietAI-Assignment3-4640.jpg,8
VietAI-Assignment3-4661.jpg,5
VietAI-Assignment3-4677.jpg,6
VietAI-Assignment3-4685.jpg,5
VietAI-Assignment3-4688.jpg,2
VietAI-Assignment3-4690.jpg,8
VietAI-Assignment3-4694.jpg,6
VietAI-Assignment3-47.jpg,5
VietAI-Assignment3-4700.jpg,2
VietAI-Assignment3-4702.jpg,2
VietAI-Assignment3-4703.jpg,4
VietAI-Assignment3-4704.jpg,4
VietAI-Assignment3-4706.jpg,2
VietAI-Assignment3-4707.jpg,4
VietAI-Assignment3-4708.jpg,2
VietAI-Assignment3-4714.jpg,2
VietAI-Assignment3-4715.jpg,9
VietAI-Assignment3-4717.jpg,10
VietAI-Assignment3-4719.jpg,3
VietAI-Assignment3-4728.jpg,2
VietAI-Assignment3-4729.jpg,6
VietAI-Assignment3-4733.jpg,10
VietAI-Assignment3-4735.jpg,8
VietAI-Assignment3-4736.jpg,5
VietAI-Assignment3-4738.jpg,4
VietAI-Assignment3-4753.jpg,3
VietAI-Assignment3-4754.jpg,9
VietAI-Assignment3-4762.jpg,0
VietAI-Assignment3-4765.jpg,1
VietAI-Assignment3-4766.jpg,10
VietAI-Assignment3-4770.jpg,3
VietAI-Assignment3-4773.jpg,4
VietAI-Assignment3-4776.jpg,2
VietAI-Assignment3-4778.jpg,3
VietAI-Assignment3-4781.jpg,9
VietAI-Assignment3-4784.jpg,2
VietAI-Assignment3-4785.jpg,2
VietAI-Assignment3-4786.jpg,3
VietAI-Assignment3-4791.jpg,0
VietAI-Assignment3-4801.jpg,0
VietAI-Assignment3-4816.jpg,4
VietAI-Assignment3-4823.jpg,1
VietAI-Assignment3-4827.jpg,2
VietAI-Assignment3-4828.jpg,2
VietAI-Assignment3-4829.jpg,4
VietAI-Assignment3-4831.jpg,7
VietAI-Assignment3-4833.jpg,2
VietAI-Assignment3-4835.jpg,9
VietAI-Assignment3-4837.jpg,3
VietAI-Assignment3-4838.jpg,3
VietAI-Assignment3-4840.jpg,2
VietAI-Assignment3-4844.jpg,2
VietAI-Assignment3-4848.jpg,9
VietAI-Assignment3-4853.jpg,9
VietAI-Assignment3-4855.jpg,4
VietAI-Assignment3-486.jpg,1
VietAI-Assignment3-4861.jpg,10
VietAI-Assignment3-4864.jpg,7
VietAI-Assignment3-4865.jpg,2
VietAI-Assignment3-4873.jpg,7
VietAI-Assignment3-4878.jpg,2
VietAI-Assignment3-4879.jpg,2
VietAI-Assignment3-4882.jpg,9
VietAI-Assignment3-4884.jpg,2
VietAI-Assignment3-4891.jpg,1
VietAI-Assignment3-4893.jpg,1
VietAI-Assignment3-4894.jpg,9
VietAI-Assignment3-4898.jpg,2
VietAI-Assignment3-49.jpg,2
VietAI-Assignment3-4914.jpg,4
VietAI-Assignment3-4916.jpg,5
VietAI-Assignment3-4918.jpg,2
VietAI-Assignment3-4919.jpg,1
VietAI-Assignment3-4922.jpg,0
VietAI-Assignment3-4926.jpg,2
VietAI-Assignment3-4931.jpg,10
VietAI-Assignment3-4934.jpg,3
VietAI-Assignment3-4937.jpg,6
VietAI-Assignment3-4942.jpg,2
VietAI-Assignment3-4946.jpg,0
VietAI-Assignment3-4958.jpg,0
VietAI-Assignment3-4968.jpg,9
VietAI-Assignment3-4970.jpg,3
VietAI-Assignment3-4972.jpg,9
VietAI-Assignment3-4973.jpg,3
VietAI-Assignment3-4974.jpg,1
VietAI-Assignment3-4979.jpg,7
VietAI-Assignment3-4980.jpg,3
VietAI-Assignment3-4985.jpg,7
VietAI-Assignment3-4987.jpg,2
VietAI-Assignment3-500.jpg,2
VietAI-Assignment3-5000.jpg,6
VietAI-Assignment3-5007.jpg,4
VietAI-Assignment3-5014.jpg,4
VietAI-Assignment3-5021.jpg,2
VietAI-Assignment3-5022.jpg,2
VietAI-Assignment3-5026.jpg,7
VietAI-Assignment3-5027.jpg,4
VietAI-Assignment3-5034.jpg,5
VietAI-Assignment3-5037.jpg,0
VietAI-Assignment3-504.jpg,5
VietAI-Assignment3-5048.jpg,1
VietAI-Assignment3-506.jpg,4
VietAI-Assignment3-5061.jpg,3
VietAI-Assignment3-5065.jpg,5
VietAI-Assignment3-5066.jpg,2
VietAI-Assignment3-5069.jpg,3
VietAI-Assignment3-507.jpg,3
VietAI-Assignment3-5076.jpg,2
VietAI-Assignment3-5082.jpg,8
VietAI-Assignment3-5084.jpg,2
VietAI-Assignment3-5093.jpg,2
VietAI-Assignment3-5094.jpg,9
VietAI-Assignment3-5095.jpg,5
VietAI-Assignment3-510.jpg,7
VietAI-Assignment3-5100.jpg,0
VietAI-Assignment3-5104.jpg,7
VietAI-Assignment3-5112.jpg,7
VietAI-Assignment3-5119.jpg,0
VietAI-Assignment3-5120.jpg,2
VietAI-Assignment3-5140.jpg,2
VietAI-Assignment3-5143.jpg,2
VietAI-Assignment3-5144.jpg,10
VietAI-Assignment3-5150.jpg,7
VietAI-Assignment3-5154.jpg,1
VietAI-Assignment3-5157.jpg,10
VietAI-Assignment3-5160.jpg,3
VietAI-Assignment3-5166.jpg,7
VietAI-Assignment3-5171.jpg,2
VietAI-Assignment3-5176.jpg,3
VietAI-Assignment3-5181.jpg,3
VietAI-Assignment3-5193.jpg,10
VietAI-Assignment3-5196.jpg,6
VietAI-Assignment3-5199.jpg,1
VietAI-Assignment3-5207.jpg,7
VietAI-Assignment3-5217.jpg,4
VietAI-Assignment3-522.jpg,1
VietAI-Assignment3-5220.jpg,2
VietAI-Assignment3-5224.jpg,7
VietAI-Assignment3-5232.jpg,3
VietAI-Assignment3-5233.jpg,2
VietAI-Assignment3-5238.jpg,0
VietAI-Assignment3-5243.jpg,3
VietAI-Assignment3-5248.jpg,5
VietAI-Assignment3-5253.jpg,10
VietAI-Assignment3-5255.jpg,9
VietAI-Assignment3-5256.jpg,0
VietAI-Assignment3-5261.jpg,3
VietAI-Assignment3-5263.jpg,2
VietAI-Assignment3-5269.jpg,0
VietAI-Assignment3-5277.jpg,2
VietAI-Assignment3-5279.jpg,5
VietAI-Assignment3-53.jpg,1
VietAI-Assignment3-5301.jpg,2
VietAI-Assignment3-5304.jpg,0
VietAI-Assignment3-5317.jpg,2
VietAI-Assignment3-5322.jpg,5
VietAI-Assignment3-5326.jpg,2
VietAI-Assignment3-5333.jpg,9
VietAI-Assignment3-5336.jpg,5
VietAI-Assignment3-5338.jpg,6
VietAI-Assignment3-5351.jpg,6
VietAI-Assignment3-5352.jpg,2
VietAI-Assignment3-5365.jpg,10
VietAI-Assignment3-5373.jpg,2
VietAI-Assignment3-5380.jpg,3
VietAI-Assignment3-5386.jpg,1
VietAI-Assignment3-5391.jpg,2
VietAI-Assignment3-5396.jpg,0
VietAI-Assignment3-5398.jpg,5
VietAI-Assignment3-5399.jpg,10
VietAI-Assignment3-5403.jpg,6
VietAI-Assignment3-5405.jpg,1
VietAI-Assignment3-5408.jpg,8
VietAI-Assignment3-5412.jpg,3
VietAI-Assignment3-5414.jpg,2
VietAI-Assignment3-5423.jpg,7
VietAI-Assignment3-5430.jpg,6
VietAI-Assignment3-5437.jpg,9
VietAI-Assignment3-5442.jpg,3
VietAI-Assignment3-5443.jpg,5
VietAI-Assignment3-5444.jpg,9
VietAI-Assignment3-5445.jpg,3
VietAI-Assignment3-5449.jpg,2
VietAI-Assignment3-5452.jpg,6
VietAI-Assignment3-5460.jpg,2
VietAI-Assignment3-5462.jpg,9
VietAI-Assignment3-5483.jpg,10
VietAI-Assignment3-5489.jpg,7
VietAI-Assignment3-549.jpg,0
VietAI-Assignment3-5497.jpg,2
VietAI-Assignment3-5498.jpg,1
VietAI-Assignment3-5499.jpg,2
VietAI-Assignment3-5501.jpg,2
VietAI-Assignment3-5506.jpg,1
VietAI-Assignment3-5516.jpg,1
VietAI-Assignment3-5525.jpg,8
VietAI-Assignment3-553.jpg,9
VietAI-Assignment3-5546.jpg,8
VietAI-Assignment3-5548.jpg,1
VietAI-Assignment3-5549.jpg,1
VietAI-Assignment3-5550.jpg,1
VietAI-Assignment3-5560.jpg,4
VietAI-Assignment3-5564.jpg,3
VietAI-Assignment3-5567.jpg,0
VietAI-Assignment3-5568.jpg,9
VietAI-Assignment3-5576.jpg,2
VietAI-Assignment3-5578.jpg,3
VietAI-Assignment3-5589.jpg,2
VietAI-Assignment3-5593.jpg,7
VietAI-Assignment3-5603.jpg,2
VietAI-Assignment3-5607.jpg,4
VietAI-Assignment3-5615.jpg,2
VietAI-Assignment3-5623.jpg,2
VietAI-Assignment3-5626.jpg,4
VietAI-Assignment3-5628.jpg,10
VietAI-Assignment3-563.jpg,2
VietAI-Assignment3-5631.jpg,2
VietAI-Assignment3-5634.jpg,2
VietAI-Assignment3-5636.jpg,0
VietAI-Assignment3-5642.jpg,7
VietAI-Assignment3-5646.jpg,10
VietAI-Assignment3-5647.jpg,3
VietAI-Assignment3-5651.jpg,2
VietAI-Assignment3-5652.jpg,3
VietAI-Assignment3-5656.jpg,2
VietAI-Assignment3-566.jpg,1
VietAI-Assignment3-5672.jpg,4
VietAI-Assignment3-5673.jpg,7
VietAI-Assignment3-5677.jpg,5
VietAI-Assignment3-5678.jpg,0
VietAI-Assignment3-5681.jpg,10
VietAI-Assignment3-5682.jpg,6
VietAI-Assignment3-5685.jpg,0
VietAI-Assignment3-5693.jpg,4
VietAI-Assignment3-5699.jpg,10
VietAI-Assignment3-5705.jpg,0
VietAI-Assignment3-5710.jpg,1
VietAI-Assignment3-5712.jpg,7
VietAI-Assignment3-572.jpg,10
VietAI-Assignment3-5720.jpg,5
VietAI-Assignment3-5725.jpg,9
VietAI-Assignment3-573.jpg,1
VietAI-Assignment3-5737.jpg,10
VietAI-Assignment3-5742.jpg,8
VietAI-Assignment3-5743.jpg,2
VietAI-Assignment3-5750.jpg,2
VietAI-Assignment3-5762.jpg,2
VietAI-Assignment3-5764.jpg,5
VietAI-Assignment3-5766.jpg,4
VietAI-Assignment3-5767.jpg,2
VietAI-Assignment3-5768.jpg,0
VietAI-Assignment3-5769.jpg,2
VietAI-Assignment3-577.jpg,2
VietAI-Assignment3-5771.jpg,8
VietAI-Assignment3-5772.jpg,0
VietAI-Assignment3-5774.jpg,8
VietAI-Assignment3-5781.jpg,2
VietAI-Assignment3-5791.jpg,10
VietAI-Assignment3-5795.jpg,9
VietAI-Assignment3-5800.jpg,0
VietAI-Assignment3-5806.jpg,2
VietAI-Assignment3-5809.jpg,5
VietAI-Assignment3-5812.jpg,3
VietAI-Assignment3-5816.jpg,8
VietAI-Assignment3-5817.jpg,1
VietAI-Assignment3-5824.jpg,6
VietAI-Assignment3-5836.jpg,1
VietAI-Assignment3-5844.jpg,6
VietAI-Assignment3-585.jpg,1
VietAI-Assignment3-5866.jpg,2
VietAI-Assignment3-5873.jpg,7
VietAI-Assignment3-5877.jpg,4
VietAI-Assignment3-5885.jpg,2
VietAI-Assignment3-5887.jpg,9
VietAI-Assignment3-589.jpg,4
VietAI-Assignment3-5895.jpg,8
VietAI-Assignment3-5896.jpg,0
VietAI-Assignment3-5899.jpg,0
VietAI-Assignment3-5907.jpg,1
VietAI-Assignment3-5910.jpg,3
VietAI-Assignment3-5912.jpg,8
VietAI-Assignment3-5915.jpg,8
VietAI-Assignment3-5919.jpg,2
VietAI-Assignment3-5922.jpg,1
VietAI-Assignment3-5924.jpg,2
VietAI-Assignment3-5931.jpg,9
VietAI-Assignment3-5933.jpg,8
VietAI-Assignment3-5935.jpg,1
VietAI-Assignment3-594.jpg,10
VietAI-Assignment3-5940.jpg,2
VietAI-Assignment3-5943.jpg,1
VietAI-Assignment3-5948.jpg,0
VietAI-Assignment3-5949.jpg,7
VietAI-Assignment3-595.jpg,3
VietAI-Assignment3-5953.jpg,2
VietAI-Assignment3-5962.jpg,6
VietAI-Assignment3-5963.jpg,3
VietAI-Assignment3-5970.jpg,5
VietAI-Assignment3-5975.jpg,3
VietAI-Assignment3-5977.jpg,1
VietAI-Assignment3-5982.jpg,6
VietAI-Assignment3-5984.jpg,2
VietAI-Assignment3-5986.jpg,8
VietAI-Assignment3-5990.jpg,9
VietAI-Assignment3-5993.jpg,2
VietAI-Assignment3-5998.jpg,1
VietAI-Assignment3-600.jpg,7
VietAI-Assignment3-6001.jpg,2
VietAI-Assignment3-6005.jpg,2
VietAI-Assignment3-6013.jpg,2
VietAI-Assignment3-6015.jpg,5
VietAI-Assignment3-6016.jpg,7
VietAI-Assignment3-6023.jpg,10
VietAI-Assignment3-6030.jpg,3
VietAI-Assignment3-6033.jpg,6
VietAI-Assignment3-6035.jpg,2
VietAI-Assignment3-6040.jpg,7
VietAI-Assignment3-6042.jpg,2
VietAI-Assignment3-6043.jpg,2
VietAI-Assignment3-6047.jpg,0
VietAI-Assignment3-6048.jpg,8
VietAI-Assignment3-6055.jpg,2
VietAI-Assignment3-6057.jpg,2
VietAI-Assignment3-607.jpg,2
VietAI-Assignment3-6070.jpg,1
VietAI-Assignment3-6092.jpg,5
VietAI-Assignment3-6097.jpg,5
VietAI-Assignment3-6099.jpg,1
VietAI-Assignment3-6101.jpg,10
VietAI-Assignment3-6103.jpg,2
VietAI-Assignment3-6106.jpg,3
VietAI-Assignment3-6133.jpg,1
VietAI-Assignment3-6136.jpg,5
VietAI-Assignment3-6142.jpg,4
VietAI-Assignment3-6144.jpg,6
VietAI-Assignment3-6145.jpg,5
VietAI-Assignment3-6146.jpg,1
VietAI-Assignment3-6154.jpg,1
VietAI-Assignment3-6156.jpg,2
VietAI-Assignment3-6158.jpg,2
VietAI-Assignment3-6168.jpg,2
VietAI-Assignment3-6178.jpg,5
VietAI-Assignment3-6182.jpg,2
VietAI-Assignment3-6191.jpg,1
VietAI-Assignment3-62.jpg,10
VietAI-Assignment3-6205.jpg,2
VietAI-Assignment3-6210.jpg,2
VietAI-Assignment3-6212.jpg,8
VietAI-Assignment3-6220.jpg,1
VietAI-Assignment3-6221.jpg,0
VietAI-Assignment3-6223.jpg,2
VietAI-Assignment3-6224.jpg,1
VietAI-Assignment3-6227.jpg,3
VietAI-Assignment3-623.jpg,7
VietAI-Assignment3-6238.jpg,1
VietAI-Assignment3-624.jpg,1
VietAI-Assignment3-6244.jpg,5
VietAI-Assignment3-6246.jpg,2
VietAI-Assignment3-6248.jpg,2
VietAI-Assignment3-6254.jpg,4
VietAI-Assignment3-6263.jpg,2
VietAI-Assignment3-6267.jpg,7
VietAI-Assignment3-6272.jpg,5
VietAI-Assignment3-6276.jpg,0
VietAI-Assignment3-6287.jpg,3
VietAI-Assignment3-6289.jpg,2
VietAI-Assignment3-6294.jpg,2
VietAI-Assignment3-6301.jpg,7
VietAI-Assignment3-6305.jpg,0
VietAI-Assignment3-6312.jpg,10
VietAI-Assignment3-6315.jpg,2
VietAI-Assignment3-6316.jpg,2
VietAI-Assignment3-6322.jpg,2
VietAI-Assignment3-6329.jpg,10
VietAI-Assignment3-6333.jpg,3
VietAI-Assignment3-6337.jpg,6
VietAI-Assignment3-6341.jpg,3
VietAI-Assignment3-6349.jpg,2
VietAI-Assignment3-6355.jpg,2
VietAI-Assignment3-6358.jpg,2
VietAI-Assignment3-6361.jpg,5
VietAI-Assignment3-6373.jpg,3
VietAI-Assignment3-6378.jpg,8
VietAI-Assignment3-6385.jpg,9
VietAI-Assignment3-6388.jpg,2
VietAI-Assignment3-6398.jpg,2
VietAI-Assignment3-6400.jpg,3
VietAI-Assignment3-6405.jpg,2
VietAI-Assignment3-6421.jpg,3
VietAI-Assignment3-6435.jpg,9
VietAI-Assignment3-6440.jpg,5
VietAI-Assignment3-6452.jpg,2
VietAI-Assignment3-6457.jpg,6
VietAI-Assignment3-6478.jpg,9
VietAI-Assignment3-6480.jpg,2
VietAI-Assignment3-6485.jpg,2
VietAI-Assignment3-6486.jpg,5
VietAI-Assignment3-6489.jpg,10
VietAI-Assignment3-6495.jpg,2
VietAI-Assignment3-650.jpg,2
VietAI-Assignment3-651.jpg,3
VietAI-Assignment3-6521.jpg,4
VietAI-Assignment3-6525.jpg,7
VietAI-Assignment3-6549.jpg,6
VietAI-Assignment3-6551.jpg,5
VietAI-Assignment3-6553.jpg,5
VietAI-Assignment3-6554.jpg,9
VietAI-Assignment3-6555.jpg,2
VietAI-Assignment3-6566.jpg,10
VietAI-Assignment3-6567.jpg,1
VietAI-Assignment3-6569.jpg,1
VietAI-Assignment3-6574.jpg,7
VietAI-Assignment3-6575.jpg,2
VietAI-Assignment3-6577.jpg,8
VietAI-Assignment3-658.jpg,2
VietAI-Assignment3-6584.jpg,2
VietAI-Assignment3-6589.jpg,1
VietAI-Assignment3-659.jpg,4
VietAI-Assignment3-6596.jpg,3
VietAI-Assignment3-6605.jpg,8
VietAI-Assignment3-662.jpg,9
VietAI-Assignment3-6621.jpg,1
VietAI-Assignment3-6622.jpg,9
VietAI-Assignment3-6625.jpg,1
VietAI-Assignment3-663.jpg,10
VietAI-Assignment3-6635.jpg,10
VietAI-Assignment3-6638.jpg,5
VietAI-Assignment3-6645.jpg,7
VietAI-Assignment3-6652.jpg,10
VietAI-Assignment3-6653.jpg,2
VietAI-Assignment3-6654.jpg,2
VietAI-Assignment3-6663.jpg,5
VietAI-Assignment3-6664.jpg,7
VietAI-Assignment3-6665.jpg,2
VietAI-Assignment3-6668.jpg,2
VietAI-Assignment3-6670.jpg,2
VietAI-Assignment3-6672.jpg,2
VietAI-Assignment3-6678.jpg,2
VietAI-Assignment3-6679.jpg,0
VietAI-Assignment3-6682.jpg,3
VietAI-Assignment3-6683.jpg,8
VietAI-Assignment3-6684.jpg,1
VietAI-Assignment3-6695.jpg,5
VietAI-Assignment3-6698.jpg,1
VietAI-Assignment3-6700.jpg,10
VietAI-Assignment3-6701.jpg,1
VietAI-Assignment3-6725.jpg,8
VietAI-Assignment3-6726.jpg,5
VietAI-Assignment3-6732.jpg,0
VietAI-Assignment3-6739.jpg,2
VietAI-Assignment3-674.jpg,2
VietAI-Assignment3-6741.jpg,3
VietAI-Assignment3-6752.jpg,9
VietAI-Assignment3-6755.jpg,9
VietAI-Assignment3-6758.jpg,2
VietAI-Assignment3-6771.jpg,2
VietAI-Assignment3-6772.jpg,7
VietAI-Assignment3-6774.jpg,10
VietAI-Assignment3-6777.jpg,7
VietAI-Assignment3-6778.jpg,2
VietAI-Assignment3-6782.jpg,4
VietAI-Assignment3-6786.jpg,2
VietAI-Assignment3-680.jpg,1
VietAI-Assignment3-6802.jpg,8
VietAI-Assignment3-6805.jpg,10
VietAI-Assignment3-6808.jpg,7
VietAI-Assignment3-681.jpg,8
VietAI-Assignment3-6819.jpg,0
VietAI-Assignment3-6820.jpg,3
VietAI-Assignment3-6823.jpg,2
VietAI-Assignment3-6831.jpg,2
VietAI-Assignment3-6838.jpg,2
VietAI-Assignment3-6840.jpg,2
VietAI-Assignment3-6851.jpg,2
VietAI-Assignment3-6867.jpg,2
VietAI-Assignment3-6871.jpg,0
VietAI-Assignment3-6874.jpg,8
VietAI-Assignment3-6875.jpg,0
VietAI-Assignment3-6879.jpg,1
VietAI-Assignment3-688.jpg,1
VietAI-Assignment3-6881.jpg,2
VietAI-Assignment3-6883.jpg,2
VietAI-Assignment3-6884.jpg,10
VietAI-Assignment3-6886.jpg,10
VietAI-Assignment3-6897.jpg,4
VietAI-Assignment3-6899.jpg,8
VietAI-Assignment3-6901.jpg,1
VietAI-Assignment3-6903.jpg,1
VietAI-Assignment3-6905.jpg,1
VietAI-Assignment3-6907.jpg,5
VietAI-Assignment3-6912.jpg,3
VietAI-Assignment3-6913.jpg,4
VietAI-Assignment3-6914.jpg,4
VietAI-Assignment3-6918.jpg,2
VietAI-Assignment3-6919.jpg,4
VietAI-Assignment3-6927.jpg,3
VietAI-Assignment3-6937.jpg,7
VietAI-Assignment3-694.jpg,3
VietAI-Assignment3-6948.jpg,10
VietAI-Assignment3-6951.jpg,4
VietAI-Assignment3-6958.jpg,4
VietAI-Assignment3-6961.jpg,10
VietAI-Assignment3-6966.jpg,1
VietAI-Assignment3-6974.jpg,6
VietAI-Assignment3-6976.jpg,10
VietAI-Assignment3-6990.jpg,8
VietAI-Assignment3-6992.jpg,9
VietAI-Assignment3-7000.jpg,2
VietAI-Assignment3-7007.jpg,4
VietAI-Assignment3-7008.jpg,2
VietAI-Assignment3-7021.jpg,2
VietAI-Assignment3-7025.jpg,2
VietAI-Assignment3-7027.jpg,2
VietAI-Assignment3-7030.jpg,0
VietAI-Assignment3-7042.jpg,1
VietAI-Assignment3-7056.jpg,0
VietAI-Assignment3-7059.jpg,5
VietAI-Assignment3-7060.jpg,7
VietAI-Assignment3-7065.jpg,6
VietAI-Assignment3-7067.jpg,4
VietAI-Assignment3-7077.jpg,3
VietAI-Assignment3-7080.jpg,10
VietAI-Assignment3-7087.jpg,2
VietAI-Assignment3-7090.jpg,6
VietAI-Assignment3-7098.jpg,9
VietAI-Assignment3-7102.jpg,1
VietAI-Assignment3-7111.jpg,0
VietAI-Assignment3-7112.jpg,2
VietAI-Assignment3-7122.jpg,2
VietAI-Assignment3-7130.jpg,2
VietAI-Assignment3-7134.jpg,2
VietAI-Assignment3-7138.jpg,2
VietAI-Assignment3-7143.jpg,4
VietAI-Assignment3-7146.jpg,2
VietAI-Assignment3-7149.jpg,2
VietAI-Assignment3-7152.jpg,2
VietAI-Assignment3-7153.jpg,1
VietAI-Assignment3-7156.jpg,9
VietAI-Assignment3-7161.jpg,5
VietAI-Assignment3-7165.jpg,3
VietAI-Assignment3-7184.jpg,1
VietAI-Assignment3-7188.jpg,6
VietAI-Assignment3-7189.jpg,6
VietAI-Assignment3-7195.jpg,1
VietAI-Assignment3-7200.jpg,8
VietAI-Assignment3-7204.jpg,2
VietAI-Assignment3-7205.jpg,10
VietAI-Assignment3-7212.jpg,1
VietAI-Assignment3-7213.jpg,10
VietAI-Assignment3-7226.jpg,1
VietAI-Assignment3-7231.jpg,10
VietAI-Assignment3-7232.jpg,0
VietAI-Assignment3-7233.jpg,7
VietAI-Assignment3-7237.jpg,3
VietAI-Assignment3-724.jpg,2
VietAI-Assignment3-7249.jpg,0
VietAI-Assignment3-725.jpg,2
VietAI-Assignment3-7251.jpg,2
VietAI-Assignment3-7266.jpg,0
VietAI-Assignment3-7275.jpg,10
VietAI-Assignment3-7278.jpg,10
VietAI-Assignment3-728.jpg,9
VietAI-Assignment3-7283.jpg,2
VietAI-Assignment3-7287.jpg,2
VietAI-Assignment3-729.jpg,2
VietAI-Assignment3-7291.jpg,2
VietAI-Assignment3-7304.jpg,2
VietAI-Assignment3-7322.jpg,5
VietAI-Assignment3-7323.jpg,1
VietAI-Assignment3-7325.jpg,7
VietAI-Assignment3-7334.jpg,5
VietAI-Assignment3-7340.jpg,2
VietAI-Assignment3-7351.jpg,7
VietAI-Assignment3-7354.jpg,10
VietAI-Assignment3-7357.jpg,7
VietAI-Assignment3-7361.jpg,0
VietAI-Assignment3-7362.jpg,2
VietAI-Assignment3-7367.jpg,0
VietAI-Assignment3-7375.jpg,3
VietAI-Assignment3-7381.jpg,3
VietAI-Assignment3-7389.jpg,5
VietAI-Assignment3-739.jpg,2
VietAI-Assignment3-7391.jpg,1
VietAI-Assignment3-7392.jpg,7
VietAI-Assignment3-7397.jpg,6
VietAI-Assignment3-74.jpg,3
VietAI-Assignment3-7400.jpg,1
VietAI-Assignment3-7402.jpg,2
VietAI-Assignment3-7406.jpg,3
VietAI-Assignment3-7408.jpg,7
VietAI-Assignment3-7409.jpg,2
VietAI-Assignment3-7416.jpg,2
VietAI-Assignment3-7426.jpg,9
VietAI-Assignment3-7427.jpg,1
VietAI-Assignment3-7430.jpg,3
VietAI-Assignment3-744.jpg,7
VietAI-Assignment3-7447.jpg,2
VietAI-Assignment3-745.jpg,4
VietAI-Assignment3-7462.jpg,1
VietAI-Assignment3-7463.jpg,7
VietAI-Assignment3-7468.jpg,1
VietAI-Assignment3-7471.jpg,2
VietAI-Assignment3-748.jpg,2
VietAI-Assignment3-7480.jpg,7
VietAI-Assignment3-7487.jpg,1
VietAI-Assignment3-7497.jpg,2
VietAI-Assignment3-7498.jpg,10
VietAI-Assignment3-75.jpg,2
VietAI-Assignment3-750.jpg,3
VietAI-Assignment3-7507.jpg,1
VietAI-Assignment3-751.jpg,3
VietAI-Assignment3-7510.jpg,2
VietAI-Assignment3-7512.jpg,3
VietAI-Assignment3-7518.jpg,2
VietAI-Assignment3-752.jpg,3
VietAI-Assignment3-7523.jpg,5
VietAI-Assignment3-7525.jpg,2
VietAI-Assignment3-7527.jpg,5
VietAI-Assignment3-7531.jpg,10
VietAI-Assignment3-7535.jpg,10
VietAI-Assignment3-754.jpg,4
VietAI-Assignment3-7541.jpg,2
VietAI-Assignment3-7544.jpg,10
VietAI-Assignment3-7551.jpg,3
VietAI-Assignment3-7554.jpg,2
VietAI-Assignment3-7559.jpg,2
VietAI-Assignment3-7560.jpg,7
VietAI-Assignment3-7561.jpg,3
VietAI-Assignment3-7569.jpg,5
VietAI-Assignment3-7571.jpg,6
VietAI-Assignment3-7574.jpg,6
VietAI-Assignment3-7578.jpg,8
VietAI-Assignment3-758.jpg,8
VietAI-Assignment3-7585.jpg,0
VietAI-Assignment3-7593.jpg,2
VietAI-Assignment3-7597.jpg,6
VietAI-Assignment3-7606.jpg,6
VietAI-Assignment3-7609.jpg,9
VietAI-Assignment3-7612.jpg,9
VietAI-Assignment3-7616.jpg,0
VietAI-Assignment3-7623.jpg,10
VietAI-Assignment3-7624.jpg,3
VietAI-Assignment3-7627.jpg,6
VietAI-Assignment3-7630.jpg,0
VietAI-Assignment3-7632.jpg,5
VietAI-Assignment3-7635.jpg,9
VietAI-Assignment3-7640.jpg,5
VietAI-Assignment3-7641.jpg,9
VietAI-Assignment3-765.jpg,3
VietAI-Assignment3-7650.jpg,2
VietAI-Assignment3-7654.jpg,8
VietAI-Assignment3-7668.jpg,1
VietAI-Assignment3-7671.jpg,0
VietAI-Assignment3-7673.jpg,2
VietAI-Assignment3-7675.jpg,6
VietAI-Assignment3-7677.jpg,7
VietAI-Assignment3-7679.jpg,3
VietAI-Assignment3-7684.jpg,2
VietAI-Assignment3-7688.jpg,1
VietAI-Assignment3-7694.jpg,2
VietAI-Assignment3-7697.jpg,9
VietAI-Assignment3-7707.jpg,2
VietAI-Assignment3-7715.jpg,0
VietAI-Assignment3-7721.jpg,1
VietAI-Assignment3-773.jpg,3
VietAI-Assignment3-7733.jpg,0
VietAI-Assignment3-7736.jpg,0
VietAI-Assignment3-7737.jpg,4
VietAI-Assignment3-7741.jpg,10
VietAI-Assignment3-7747.jpg,4
VietAI-Assignment3-7748.jpg,5
VietAI-Assignment3-775.jpg,1
VietAI-Assignment3-7755.jpg,8
VietAI-Assignment3-7764.jpg,4
VietAI-Assignment3-777.jpg,8
VietAI-Assignment3-7778.jpg,2
VietAI-Assignment3-778.jpg,1
VietAI-Assignment3-7780.jpg,0
VietAI-Assignment3-7791.jpg,0
VietAI-Assignment3-7806.jpg,4
VietAI-Assignment3-7808.jpg,5
VietAI-Assignment3-7813.jpg,2
VietAI-Assignment3-7816.jpg,3
VietAI-Assignment3-782.jpg,0
VietAI-Assignment3-7827.jpg,2
VietAI-Assignment3-7829.jpg,2
VietAI-Assignment3-7837.jpg,6
VietAI-Assignment3-7845.jpg,5
VietAI-Assignment3-7857.jpg,3
VietAI-Assignment3-7862.jpg,2
VietAI-Assignment3-7863.jpg,2
VietAI-Assignment3-7867.jpg,1
VietAI-Assignment3-7868.jpg,9
VietAI-Assignment3-7869.jpg,7
VietAI-Assignment3-787.jpg,0
VietAI-Assignment3-7872.jpg,2
VietAI-Assignment3-7875.jpg,5
VietAI-Assignment3-7877.jpg,10
VietAI-Assignment3-7878.jpg,2
VietAI-Assignment3-788.jpg,10
VietAI-Assignment3-7881.jpg,1
VietAI-Assignment3-7889.jpg,2
VietAI-Assignment3-7903.jpg,3
VietAI-Assignment3-7907.jpg,9
VietAI-Assignment3-7919.jpg,6
VietAI-Assignment3-7924.jpg,8
VietAI-Assignment3-7928.jpg,5
VietAI-Assignment3-7932.jpg,2
VietAI-Assignment3-7934.jpg,0
VietAI-Assignment3-7936.jpg,2
VietAI-Assignment3-7942.jpg,10
VietAI-Assignment3-7953.jpg,2
VietAI-Assignment3-7963.jpg,5
VietAI-Assignment3-7966.jpg,2
VietAI-Assignment3-7970.jpg,2
VietAI-Assignment3-7971.jpg,0
VietAI-Assignment3-798.jpg,8
VietAI-Assignment3-7981.jpg,7
VietAI-Assignment3-7987.jpg,3
VietAI-Assignment3-7988.jpg,9
VietAI-Assignment3-7996.jpg,3
VietAI-Assignment3-7998.jpg,7
VietAI-Assignment3-8.jpg,10
VietAI-Assignment3-8000.jpg,2
VietAI-Assignment3-8004.jpg,7
VietAI-Assignment3-8006.jpg,4
VietAI-Assignment3-8012.jpg,2
VietAI-Assignment3-8024.jpg,1
VietAI-Assignment3-8034.jpg,10
VietAI-Assignment3-8042.jpg,2
VietAI-Assignment3-8046.jpg,7
VietAI-Assignment3-8055.jpg,3
VietAI-Assignment3-8058.jpg,3
VietAI-Assignment3-8060.jpg,4
VietAI-Assignment3-8074.jpg,6
VietAI-Assignment3-8082.jpg,10
VietAI-Assignment3-8085.jpg,5
VietAI-Assignment3-8094.jpg,4
VietAI-Assignment3-8098.jpg,5
VietAI-Assignment3-8101.jpg,2
VietAI-Assignment3-811.jpg,2
VietAI-Assignment3-8115.jpg,9
VietAI-Assignment3-8124.jpg,0
VietAI-Assignment3-8137.jpg,3
VietAI-Assignment3-8139.jpg,5
VietAI-Assignment3-8152.jpg,0
VietAI-Assignment3-8153.jpg,5
VietAI-Assignment3-8154.jpg,2
VietAI-Assignment3-8156.jpg,2
VietAI-Assignment3-8169.jpg,4
VietAI-Assignment3-8172.jpg,1
VietAI-Assignment3-8176.jpg,1
VietAI-Assignment3-818.jpg,3
VietAI-Assignment3-8183.jpg,2
VietAI-Assignment3-8187.jpg,0
VietAI-Assignment3-8189.jpg,1
VietAI-Assignment3-819.jpg,5
VietAI-Assignment3-8191.jpg,9
VietAI-Assignment3-8192.jpg,1
VietAI-Assignment3-8194.jpg,0
VietAI-Assignment3-82.jpg,0
VietAI-Assignment3-820.jpg,2
VietAI-Assignment3-8203.jpg,2
VietAI-Assignment3-8204.jpg,2
VietAI-Assignment3-8207.jpg,7
VietAI-Assignment3-8210.jpg,1
VietAI-Assignment3-8213.jpg,2
VietAI-Assignment3-8218.jpg,4
VietAI-Assignment3-822.jpg,2
VietAI-Assignment3-8220.jpg,2
VietAI-Assignment3-8222.jpg,1
VietAI-Assignment3-8224.jpg,5
VietAI-Assignment3-823.jpg,0
VietAI-Assignment3-824.jpg,5
VietAI-Assignment3-8241.jpg,2
VietAI-Assignment3-8244.jpg,8
VietAI-Assignment3-8247.jpg,4
VietAI-Assignment3-8249.jpg,2
VietAI-Assignment3-8251.jpg,7
VietAI-Assignment3-8255.jpg,5
VietAI-Assignment3-8257.jpg,3
VietAI-Assignment3-8260.jpg,2
VietAI-Assignment3-8271.jpg,0
VietAI-Assignment3-8273.jpg,2
VietAI-Assignment3-828.jpg,2
VietAI-Assignment3-8280.jpg,5
VietAI-Assignment3-8285.jpg,7
VietAI-Assignment3-8290.jpg,5
VietAI-Assignment3-8291.jpg,5
VietAI-Assignment3-8292.jpg,1
VietAI-Assignment3-8295.jpg,4
VietAI-Assignment3-830.jpg,2
VietAI-Assignment3-8301.jpg,4
VietAI-Assignment3-8304.jpg,6
VietAI-Assignment3-8306.jpg,10
VietAI-Assignment3-8312.jpg,6
VietAI-Assignment3-8316.jpg,2
VietAI-Assignment3-8317.jpg,2
VietAI-Assignment3-8322.jpg,2
VietAI-Assignment3-8336.jpg,6
VietAI-Assignment3-8355.jpg,5
VietAI-Assignment3-8358.jpg,0
VietAI-Assignment3-8359.jpg,1
VietAI-Assignment3-8365.jpg,9
VietAI-Assignment3-838.jpg,5
VietAI-Assignment3-8389.jpg,2
VietAI-Assignment3-8392.jpg,2
VietAI-Assignment3-8397.jpg,1
VietAI-Assignment3-8401.jpg,8
VietAI-Assignment3-8402.jpg,5
VietAI-Assignment3-841.jpg,2
VietAI-Assignment3-8413.jpg,3
VietAI-Assignment3-8417.jpg,10
VietAI-Assignment3-8419.jpg,1
VietAI-Assignment3-842.jpg,1
VietAI-Assignment3-8423.jpg,0
VietAI-Assignment3-8427.jpg,0
VietAI-Assignment3-8429.jpg,8
VietAI-Assignment3-8430.jpg,6
VietAI-Assignment3-8432.jpg,1
VietAI-Assignment3-8447.jpg,2
VietAI-Assignment3-8455.jpg,6
VietAI-Assignment3-8457.jpg,1
VietAI-Assignment3-8464.jpg,7
VietAI-Assignment3-8466.jpg,5
VietAI-Assignment3-8469.jpg,5
VietAI-Assignment3-847.jpg,10
VietAI-Assignment3-8487.jpg,6
VietAI-Assignment3-849.jpg,10
VietAI-Assignment3-8491.jpg,5
VietAI-Assignment3-8492.jpg,0
VietAI-Assignment3-8505.jpg,0
VietAI-Assignment3-8515.jpg,2
VietAI-Assignment3-8518.jpg,10
VietAI-Assignment3-8522.jpg,6
VietAI-Assignment3-8524.jpg,2
VietAI-Assignment3-8525.jpg,6
VietAI-Assignment3-8531.jpg,8
VietAI-Assignment3-8536.jpg,8
VietAI-Assignment3-854.jpg,2
VietAI-Assignment3-8540.jpg,0
VietAI-Assignment3-8545.jpg,5
VietAI-Assignment3-8547.jpg,3
VietAI-Assignment3-8548.jpg,2
VietAI-Assignment3-8550.jpg,3
VietAI-Assignment3-8552.jpg,7
VietAI-Assignment3-8554.jpg,8
VietAI-Assignment3-8555.jpg,1
VietAI-Assignment3-8562.jpg,3
VietAI-Assignment3-8575.jpg,2
VietAI-Assignment3-8577.jpg,2
VietAI-Assignment3-8584.jpg,2
VietAI-Assignment3-8590.jpg,2
VietAI-Assignment3-8594.jpg,1
VietAI-Assignment3-8595.jpg,10
VietAI-Assignment3-8597.jpg,10
VietAI-Assignment3-860.jpg,8
VietAI-Assignment3-8603.jpg,1
VietAI-Assignment3-8608.jpg,1
VietAI-Assignment3-8609.jpg,2
VietAI-Assignment3-861.jpg,3
VietAI-Assignment3-8613.jpg,1
VietAI-Assignment3-8614.jpg,10
VietAI-Assignment3-8620.jpg,0
VietAI-Assignment3-8626.jpg,4
VietAI-Assignment3-8629.jpg,4
VietAI-Assignment3-8631.jpg,7
VietAI-Assignment3-8642.jpg,1
VietAI-Assignment3-8644.jpg,5
VietAI-Assignment3-8645.jpg,5
VietAI-Assignment3-8648.jpg,10
VietAI-Assignment3-8649.jpg,5
VietAI-Assignment3-8654.jpg,2
VietAI-Assignment3-8657.jpg,7
VietAI-Assignment3-8666.jpg,0
VietAI-Assignment3-8668.jpg,0
VietAI-Assignment3-867.jpg,2
VietAI-Assignment3-8671.jpg,1
VietAI-Assignment3-8672.jpg,1
VietAI-Assignment3-8675.jpg,0
VietAI-Assignment3-8679.jpg,4
VietAI-Assignment3-8683.jpg,2
VietAI-Assignment3-8685.jpg,1
VietAI-Assignment3-8687.jpg,1
VietAI-Assignment3-8691.jpg,1
VietAI-Assignment3-8692.jpg,9
VietAI-Assignment3-8697.jpg,10
VietAI-Assignment3-870.jpg,2
VietAI-Assignment3-8707.jpg,0
VietAI-Assignment3-8708.jpg,0
VietAI-Assignment3-8713.jpg,9
VietAI-Assignment3-8719.jpg,3
VietAI-Assignment3-872.jpg,3
VietAI-Assignment3-8721.jpg,2
VietAI-Assignment3-8724.jpg,7
VietAI-Assignment3-8728.jpg,0
VietAI-Assignment3-8730.jpg,4
VietAI-Assignment3-8733.jpg,3
VietAI-Assignment3-8736.jpg,2
VietAI-Assignment3-8737.jpg,3
VietAI-Assignment3-8740.jpg,1
VietAI-Assignment3-8743.jpg,2
VietAI-Assignment3-8746.jpg,7
VietAI-Assignment3-8748.jpg,1
VietAI-Assignment3-8749.jpg,2
VietAI-Assignment3-875.jpg,5
VietAI-Assignment3-8755.jpg,4
VietAI-Assignment3-8766.jpg,2
VietAI-Assignment3-8768.jpg,10
VietAI-Assignment3-8770.jpg,1
VietAI-Assignment3-8773.jpg,0
VietAI-Assignment3-8775.jpg,0
VietAI-Assignment3-878.jpg,4
VietAI-Assignment3-8781.jpg,2
VietAI-Assignment3-8786.jpg,5
VietAI-Assignment3-8794.jpg,2
VietAI-Assignment3-880.jpg,2
VietAI-Assignment3-8801.jpg,0
VietAI-Assignment3-8806.jpg,4
VietAI-Assignment3-8811.jpg,2
VietAI-Assignment3-8812.jpg,0
VietAI-Assignment3-8813.jpg,1
VietAI-Assignment3-8820.jpg,0
VietAI-Assignment3-8829.jpg,3
VietAI-Assignment3-8838.jpg,10
VietAI-Assignment3-8845.jpg,1
VietAI-Assignment3-8846.jpg,2
VietAI-Assignment3-8852.jpg,5
VietAI-Assignment3-8863.jpg,2
VietAI-Assignment3-8865.jpg,10
VietAI-Assignment3-8868.jpg,2
VietAI-Assignment3-887.jpg,2
VietAI-Assignment3-8876.jpg,2
VietAI-Assignment3-8881.jpg,2
VietAI-Assignment3-8885.jpg,8
VietAI-Assignment3-8886.jpg,3
VietAI-Assignment3-8895.jpg,2
VietAI-Assignment3-8901.jpg,6
VietAI-Assignment3-8908.jpg,7
VietAI-Assignment3-891.jpg,4
VietAI-Assignment3-8910.jpg,2
VietAI-Assignment3-8919.jpg,5
VietAI-Assignment3-8920.jpg,10
VietAI-Assignment3-8921.jpg,2
VietAI-Assignment3-8922.jpg,10
VietAI-Assignment3-8925.jpg,2
VietAI-Assignment3-8926.jpg,4
VietAI-Assignment3-893.jpg,2
VietAI-Assignment3-8938.jpg,3
VietAI-Assignment3-894.jpg,2
VietAI-Assignment3-8945.jpg,6
VietAI-Assignment3-8958.jpg,6
VietAI-Assignment3-8963.jpg,2
VietAI-Assignment3-8968.jpg,8
VietAI-Assignment3-8973.jpg,10
VietAI-Assignment3-8977.jpg,3
VietAI-Assignment3-8984.jpg,5
VietAI-Assignment3-8985.jpg,3
VietAI-Assignment3-8986.jpg,9
VietAI-Assignment3-899.jpg,2
VietAI-Assignment3-9.jpg,9
VietAI-Assignment3-900.jpg,9
VietAI-Assignment3-9001.jpg,8
VietAI-Assignment3-9014.jpg,2
VietAI-Assignment3-9020.jpg,5
VietAI-Assignment3-9024.jpg,2
VietAI-Assignment3-9029.jpg,4
VietAI-Assignment3-903.jpg,4
VietAI-Assignment3-9039.jpg,7
VietAI-Assignment3-9040.jpg,3
VietAI-Assignment3-9041.jpg,2
VietAI-Assignment3-9043.jpg,2
VietAI-Assignment3-9045.jpg,3
VietAI-Assignment3-9046.jpg,0
VietAI-Assignment3-905.jpg,5
VietAI-Assignment3-9056.jpg,2
VietAI-Assignment3-9059.jpg,5
VietAI-Assignment3-9061.jpg,10
VietAI-Assignment3-9062.jpg,5
VietAI-Assignment3-9067.jpg,2
VietAI-Assignment3-9076.jpg,3
VietAI-Assignment3-9079.jpg,2
VietAI-Assignment3-908.jpg,10
VietAI-Assignment3-9091.jpg,3
VietAI-Assignment3-9093.jpg,3
VietAI-Assignment3-9094.jpg,9
VietAI-Assignment3-910.jpg,10
VietAI-Assignment3-9100.jpg,1
VietAI-Assignment3-9106.jpg,10
VietAI-Assignment3-912.jpg,3
VietAI-Assignment3-9120.jpg,3
VietAI-Assignment3-9123.jpg,8
VietAI-Assignment3-9124.jpg,4
VietAI-Assignment3-9126.jpg,0
VietAI-Assignment3-9128.jpg,10
VietAI-Assignment3-9130.jpg,2
VietAI-Assignment3-9134.jpg,10
VietAI-Assignment3-9139.jpg,1
VietAI-Assignment3-9140.jpg,2
VietAI-Assignment3-9148.jpg,5
VietAI-Assignment3-9150.jpg,2
VietAI-Assignment3-9151.jpg,0
VietAI-Assignment3-9156.jpg,2
VietAI-Assignment3-9158.jpg,5
VietAI-Assignment3-916.jpg,2
VietAI-Assignment3-9167.jpg,9
VietAI-Assignment3-9184.jpg,10
VietAI-Assignment3-9186.jpg,3
VietAI-Assignment3-9193.jpg,0
VietAI-Assignment3-9206.jpg,2
VietAI-Assignment3-9209.jpg,2
VietAI-Assignment3-9212.jpg,6
VietAI-Assignment3-9215.jpg,2
VietAI-Assignment3-922.jpg,1
VietAI-Assignment3-923.jpg,2
VietAI-Assignment3-9235.jpg,6
VietAI-Assignment3-9238.jpg,2
VietAI-Assignment3-9240.jpg,1
VietAI-Assignment3-9241.jpg,9
VietAI-Assignment3-9244.jpg,2
VietAI-Assignment3-925.jpg,2
VietAI-Assignment3-9253.jpg,2
VietAI-Assignment3-9254.jpg,2
VietAI-Assignment3-9262.jpg,2
VietAI-Assignment3-9265.jpg,2
VietAI-Assignment3-9267.jpg,10
VietAI-Assignment3-9269.jpg,5
VietAI-Assignment3-9271.jpg,2
VietAI-Assignment3-9276.jpg,6
VietAI-Assignment3-9282.jpg,1
VietAI-Assignment3-9297.jpg,2
VietAI-Assignment3-9299.jpg,2
VietAI-Assignment3-9301.jpg,1
VietAI-Assignment3-931.jpg,5
VietAI-Assignment3-9310.jpg,2
VietAI-Assignment3-9311.jpg,6
VietAI-Assignment3-9318.jpg,4
VietAI-Assignment3-9331.jpg,6
VietAI-Assignment3-9334.jpg,2
VietAI-Assignment3-9341.jpg,2
VietAI-Assignment3-9345.jpg,8
VietAI-Assignment3-9346.jpg,10
VietAI-Assignment3-9352.jpg,1
VietAI-Assignment3-9355.jpg,5
VietAI-Assignment3-9360.jpg,3
VietAI-Assignment3-9368.jpg,1
VietAI-Assignment3-937.jpg,2
VietAI-Assignment3-9375.jpg,6
VietAI-Assignment3-938.jpg,2
VietAI-Assignment3-9381.jpg,0
VietAI-Assignment3-9387.jpg,2
VietAI-Assignment3-9392.jpg,2
VietAI-Assignment3-9404.jpg,3
VietAI-Assignment3-9405.jpg,2
VietAI-Assignment3-9409.jpg,6
VietAI-Assignment3-9411.jpg,1
VietAI-Assignment3-9414.jpg,1
VietAI-Assignment3-9417.jpg,2
VietAI-Assignment3-9419.jpg,1
VietAI-Assignment3-9424.jpg,0
VietAI-Assignment3-9427.jpg,10
VietAI-Assignment3-9428.jpg,2
VietAI-Assignment3-9435.jpg,0
VietAI-Assignment3-9439.jpg,9
VietAI-Assignment3-9441.jpg,5
VietAI-Assignment3-9444.jpg,0
VietAI-Assignment3-9446.jpg,5
VietAI-Assignment3-9448.jpg,5
VietAI-Assignment3-9450.jpg,10
VietAI-Assignment3-9452.jpg,1
VietAI-Assignment3-9453.jpg,2
VietAI-Assignment3-9454.jpg,8
VietAI-Assignment3-9456.jpg,4
VietAI-Assignment3-9458.jpg,2
VietAI-Assignment3-946.jpg,2
VietAI-Assignment3-9466.jpg,2
VietAI-Assignment3-9470.jpg,5
VietAI-Assignment3-9471.jpg,5
VietAI-Assignment3-9480.jpg,2
VietAI-Assignment3-9491.jpg,2
VietAI-Assignment3-9492.jpg,1
VietAI-Assignment3-950.jpg,1
VietAI-Assignment3-9501.jpg,1
VietAI-Assignment3-9507.jpg,4
VietAI-Assignment3-9508.jpg,6
VietAI-Assignment3-951.jpg,1
VietAI-Assignment3-9511.jpg,5
VietAI-Assignment3-9515.jpg,2
VietAI-Assignment3-9518.jpg,2
VietAI-Assignment3-9524.jpg,5
VietAI-Assignment3-9528.jpg,4
VietAI-Assignment3-9531.jpg,2
VietAI-Assignment3-9541.jpg,0
VietAI-Assignment3-9550.jpg,2
VietAI-Assignment3-9564.jpg,0
VietAI-Assignment3-9565.jpg,3
VietAI-Assignment3-9567.jpg,3
VietAI-Assignment3-9568.jpg,2
VietAI-Assignment3-957.jpg,2
VietAI-Assignment3-9571.jpg,3
VietAI-Assignment3-9574.jpg,2
VietAI-Assignment3-9578.jpg,2
VietAI-Assignment3-9579.jpg,6
VietAI-Assignment3-9581.jpg,5
VietAI-Assignment3-9585.jpg,10
VietAI-Assignment3-9593.jpg,0
VietAI-Assignment3-9598.jpg,2
VietAI-Assignment3-9603.jpg,9
VietAI-Assignment3-9607.jpg,2
VietAI-Assignment3-9608.jpg,9
VietAI-Assignment3-9610.jpg,9
VietAI-Assignment3-9614.jpg,0
VietAI-Assignment3-9619.jpg,2
VietAI-Assignment3-9627.jpg,10
VietAI-Assignment3-9638.jpg,2
VietAI-Assignment3-9645.jpg,7
VietAI-Assignment3-965.jpg,7
VietAI-Assignment3-9651.jpg,5
VietAI-Assignment3-9661.jpg,2
VietAI-Assignment3-967.jpg,6
VietAI-Assignment3-9676.jpg,2
VietAI-Assignment3-9678.jpg,3
VietAI-Assignment3-9680.jpg,3
VietAI-Assignment3-9682.jpg,2
VietAI-Assignment3-9684.jpg,3
VietAI-Assignment3-9687.jpg,2
VietAI-Assignment3-9688.jpg,8
VietAI-Assignment3-9696.jpg,2
VietAI-Assignment3-9697.jpg,2
VietAI-Assignment3-9717.jpg,10
VietAI-Assignment3-9718.jpg,2
VietAI-Assignment3-9721.jpg,9
VietAI-Assignment3-9735.jpg,3
VietAI-Assignment3-9748.jpg,0
VietAI-Assignment3-9754.jpg,9
VietAI-Assignment3-9758.jpg,1
VietAI-Assignment3-9761.jpg,1
VietAI-Assignment3-9766.jpg,2
VietAI-Assignment3-9774.jpg,2
VietAI-Assignment3-9777.jpg,7
VietAI-Assignment3-9781.jpg,1
VietAI-Assignment3-9796.jpg,3
VietAI-Assignment3-9797.jpg,5
VietAI-Assignment3-980.jpg,2
VietAI-Assignment3-9800.jpg,1
VietAI-Assignment3-9802.jpg,1
VietAI-Assignment3-9805.jpg,2
VietAI-Assignment3-9806.jpg,6
VietAI-Assignment3-9808.jpg,8
VietAI-Assignment3-9813.jpg,1
VietAI-Assignment3-9826.jpg,3
VietAI-Assignment3-9827.jpg,0
VietAI-Assignment3-983.jpg,6
VietAI-Assignment3-9834.jpg,1
VietAI-Assignment3-9842.jpg,2
VietAI-Assignment3-9845.jpg,5
VietAI-Assignment3-985.jpg,0
VietAI-Assignment3-9857.jpg,2
VietAI-Assignment3-9858.jpg,9
VietAI-Assignment3-9860.jpg,2
VietAI-Assignment3-9861.jpg,1
VietAI-Assignment3-9866.jpg,1
VietAI-Assignment3-9870.jpg,1
VietAI-Assignment3-9881.jpg,7
VietAI-Assignment3-9884.jpg,2
VietAI-Assignment3-9889.jpg,5
VietAI-Assignment3-9893.jpg,7
VietAI-Assignment3-990.jpg,0
VietAI-Assignment3-9902.jpg,2
VietAI-Assignment3-9905.jpg,2
VietAI-Assignment3-9906.jpg,1
VietAI-Assignment3-9911.jpg,9
VietAI-Assignment3-9914.jpg,3
VietAI-Assignment3-9916.jpg,3
VietAI-Assignment3-9917.jpg,5
VietAI-Assignment3-992.jpg,0
VietAI-Assignment3-9920.jpg,3
VietAI-Assignment3-9922.jpg,1
VietAI-Assignment3-9927.jpg,5
VietAI-Assignment3-9928.jpg,1
VietAI-Assignment3-9933.jpg,4
VietAI-Assignment3-9941.jpg,1
VietAI-Assignment3-9945.jpg,5
VietAI-Assignment3-9947.jpg,2
VietAI-Assignment3-9948.jpg,2
VietAI-Assignment3-9957.jpg,6
VietAI-Assignment3-9959.jpg,0
VietAI-Assignment3-9963.jpg,1
VietAI-Assignment3-9970.jpg,10
VietAI-Assignment3-9971.jpg,6
VietAI-Assignment3-9991.jpg,2
VietAI-Assignment3-9994.jpg,7
VietAI-Assignment3-9997.jpg,7
VietAI-Assignment3-9999.jpg,2
